id;name;content;created_at
1;Multi-channelled Licensed;grey Cambridgeshire;2019-11-28T00:44:11
2;Refined Rubber Chicken Table;Automotive;2019-11-27T16:20:29
3;South Dakota envisioneer Music;Nakfa;2019-11-28T04:23:26
4;Rubber Buckinghamshire Games;incentivize Tuna copy;2019-11-28T04:45:02
5;sky blue Georgia;Facilitator;2019-11-27T20:21:04
6;Markets Chief;capacitor archive;2019-11-28T01:15:49
7;Aruba;software scale interactive;2019-11-27T19:03:53
8;compelling mission-critical;bifurcated scalable;2019-11-28T10:59:16
9;Industrial;index orange;2019-11-28T14:49:18
10;overriding;monitor 1080p Checking Account;2019-11-27T16:43:23
